{"bge-small-zh-v1.5(\u5f53\u524d)": {"recall": {"1": 0.125, "5": 0.32142857142857145, "10": 0.5892857142857143, "20": 0.875}, "mrr": 0.25627648649260254}, "all-MiniLM-L6-v2(\u901a\u7528\u82f1\u6587)": {"recall": {"1": 0.5, "5": 0.8035714285714286, "10": 0.8928571428571429, "20": 0.9821428571428571}, "mrr": 0.640118082489406}, "bge-small-en-v1.5(\u82f1\u6587bge)": {"recall": {"1": 0.7321428571428571, "5": 0.9285714285714286, "10": 0.9464285714285714, "20": 0.9642857142857143}, "mrr": 0.8174191750278706}, "st-codesearch-distilroberta(\u4ee3\u7801)": {"recall": {"1": 0.625, "5": 0.875, "10": 0.9107142857142857, "20": 0.9821428571428571}, "mrr": 0.7277749160561661}}