{"short": 0.9726382488479263, "mid": 0.9279953917050692, "long_start": 0.6841228426854613, "long_mid": 0.7534680807806994, "long_end": 0.9101382488479263}