{"zh(\u6700\u5dee,\u9519\u8bed\u8a00)": {"off": 0.32142857142857145, "on": 0.9285714285714286, "mrroff": 0.25627648649260254, "mrron": 0.8737663415930282, "r30": 0.9285714285714286}, "MiniLM(\u4e2d\u6863)": {"off": 0.8035714285714286, "on": 0.9821428571428571, "mrroff": 0.640118082489406, "mrron": 0.9261204481792717, "r30": 0.9821428571428571}, "en(\u6700\u597d)": {"off": 0.9285714285714286, "on": 0.9821428571428571, "mrroff": 0.8174191750278706, "mrron": 0.9230072463768116, "r30": 0.9821428571428571}}