{
 "emb": {
  "bge-zh(当前/中文)": {
   "recall": {
    "1": 0.125,
    "5": 0.32142857142857145,
    "10": 0.5892857142857143,
    "20": 0.875,
    "30": 0.9285714285714286
   },
   "mrr": 0.25627648649260254
  },
  "bge-en(英文)": {
   "recall": {
    "1": 0.7321428571428571,
    "5": 0.9285714285714286,
    "10": 0.9464285714285714,
    "20": 0.9642857142857143,
    "30": 0.9821428571428571
   },
   "mrr": 0.8174191750278706
  },
  "MiniLM(通用英文)": {
   "recall": {
    "1": 0.5,
    "5": 0.8035714285714286,
    "10": 0.8928571428571429,
    "20": 0.9821428571428571,
    "30": 0.9821428571428571
   },
   "mrr": 0.640118082489406
  },
  "codesearch(代码)": {
   "recall": {
    "1": 0.625,
    "5": 0.875,
    "10": 0.9107142857142857,
    "20": 0.9821428571428571,
    "30": 0.9821428571428571
   },
   "mrr": 0.7277749160561661
  }
 },
 "rerank": {
  "bge-zh(当前/中文)": {
   "mrr_off": 0.25627648649260254,
   "mrr_on": 0.8720238095238095
  },
  "bge-en(英文)": {
   "mrr_off": 0.8174191750278706,
   "mrr_on": 0.9226190476190477
  }
 },
 "gap": {
  "off": 0.5611,
  "on": 0.0506,
  "compression": 11.1
 }
}